{"cameraMode":{"drawMode":0,"name":"Shaded","section":"Shading Mode"},"sceneLighting":true,"audioPlay":false,"sceneViewState":{"showFog":true,"showMaterialUpdate":false,"showSkybox":true,"showFlares":true,"showImageEffects":true,"showParticleSystems":true},"in2DMode":false,"pivot":{"x":4.828181266784668,"y":10.921486854553223,"z":3.9409799575805666},"rotation":{"x":0.012454860843718052,"y":0.38569608330726626,"z":-0.0052071865648031239,"w":0.9225273728370667},"size":10.396417617797852,"orthographic":false}